{"cameraMode":{"drawMode":0,"name":"Shaded","section":"Shading Mode"},"sceneLighting":true,"audioPlay":false,"sceneViewState":{"showFog":true,"showMaterialUpdate":false,"showSkybox":true,"showFlares":true,"showImageEffects":true,"showParticleSystems":true},"in2DMode":false,"pivot":{"x":18.669998168945314,"y":-9.611034393310547,"z":83.58051300048828},"rotation":{"x":0.14012235403060914,"y":0.0756671279668808,"z":-0.01074028667062521,"w":0.9871798753738403},"size":81.40707397460938,"orthographic":false}