{"cameraMode":{"drawMode":0,"name":"Shaded","section":"Shading Mode"},"sceneLighting":true,"audioPlay":false,"sceneViewState":{"showFog":true,"showMaterialUpdate":false,"showSkybox":true,"showFlares":true,"showImageEffects":true,"showParticleSystems":true},"in2DMode":false,"pivot":{"x":44.70335388183594,"y":-14.24331283569336,"z":31.556732177734376},"rotation":{"x":-0.6225497722625732,"y":0.0037539254408329727,"z":-0.002984980121254921,"w":-0.7825740575790405},"size":90.32363891601563,"orthographic":false}