{"cameraMode":{"drawMode":0,"name":"Shaded","section":"Shading Mode"},"sceneLighting":false,"audioPlay":false,"sceneViewState":{"showFog":true,"showMaterialUpdate":false,"showSkybox":false,"showFlares":true,"showImageEffects":true,"showParticleSystems":true},"in2DMode":false,"pivot":{"x":3.1078128814697267,"y":4.250335693359375,"z":-0.77752685546875},"rotation":{"x":0.17352885007858277,"y":0.8206477165222168,"z":-0.3273017108440399,"w":0.43509161472320559},"size":30.728281021118165,"orthographic":false}